uniqueid,blogid,title,datecreated,deleteflag,active,publish
22,b1ifzw,Harshada,1479440817,0,1,1
23,326foa,"Bubble Sort",1479444790,0,1,1
24,44plm7,"Stack Implementation",1479496539,0,1,1
25,qhckr7,"email with php",1479496871,0,1,1
26,o1r9q3,LIkes,1479502283,0,1,1
27,08v8aq,hwudhuehdu,1479760844,0,1,1
28,e8rxua,disha,1479760846,0,1,0
29,5wnky8,"How to make MVC structure in NodeJS",1479782691,0,1,0
30,0h085s,"How to sort LinkedList in JAVA",1479782791,0,1,0
31,tzh1lv,"Remove duplicates from an unsorted linked list",1479782827,0,1,1
32,eat3gp,"Remove duplicates from an unsorted linked list",1479783016,0,1,1
33,51k84k,"Find if an expression has duplicate parenthesis or not",1479783042,0,1,1
34,ez42nq,"LinkedList in Java with Example",1479783092,0,1,1
35,ntol7g,"Nodejs Email nodemailer code",1479783143,0,1,1
36,sf5zbi,"NodeJS: How to implement Session",1479783362,0,1,1
37,vww1k4,"NodeJS: MVC structure",1479783425,0,1,1
47,0tbnb3,"Java Program to Implement Binary Tree",1479785686,0,1,1
48,8vsgm3,"How to implement Linkedlist in JAVA",1479785868,0,1,1
51,g89uiy,"Google OAuth-2 in NodeJS",1479786483,0,1,0
52,smycf5,"NodeJS: Usage of MongoDB",1479786756,0,1,0
53,szv9nk,HTML,1480459864,0,1,1
54,sbkpgv,"THIS BLOG",1480466455,0,1,0
55,dblype,HTML,1481127156,0,1,0
