uniqueid,blogid,userid
18,b1ifzw,oeg6d3
19,326foa,oeg6d3
20,44plm7,byrj5x
21,qhckr7,mxdxxt
22,o1r9q3,mxdxxt
23,08v8aq,ud36yu
24,e8rxua,q1z8nw
25,5wnky8,pa4xs2
26,0h085s,pa4xs2
27,tzh1lv,pa4xs2
28,eat3gp,pa4xs2
29,51k84k,pa4xs2
30,ez42nq,pa4xs2
31,ntol7g,pa4xs2
32,sf5zbi,pa4xs2
33,vww1k4,pa4xs2
34,on5kpb,pa4xs2
35,nlmei2,pa4xs2
36,goqs49,pa4xs2
37,948rsc,pa4xs2
38,lybksh,pa4xs2
39,07ypbl,pa4xs2
40,8yuaip,pa4xs2
41,07u5cn,pa4xs2
42,7bj9j1,pa4xs2
43,0tbnb3,pa4xs2
44,8vsgm3,pa4xs2
45,1g56p5,pa4xs2
46,nfdde8,pa4xs2
47,g89uiy,pa4xs2
48,smycf5,pa4xs2
49,szv9nk,cl60a9
50,sbkpgv,692g6q
51,dblype,avibvu
